Specialty,Training,FPS
Recreative Drone,Yes,4
Radio Control,No,6
Recreative Drone,No,6
Radio Control,Yes,4
Radio Control,Yes,4
Radio Control,No,8
Recreative Drone,Yes,4
Recreative Drone,Yes,6
Recreative Drone,No,6
Radio Control,No,6
Radio Control,No,6
Radio Control,Yes,6
Radio Control,Yes,6
Recreative Drone,No,6
Radio Control,No,4
Radio Control,No,6
Recreative Drone,No,6
Recreative Drone,Yes,4
Radio Control,Yes,6
Radio Control,No,6
Radio Control,No,6
Radio Control,Yes,4
Radio Control,Yes,6
Radio Control,No,8
Radio Control,No,6
Recreative Drone,Yes,4
Recreative Drone,Yes,2
Recreative Drone,No,4
Professional Drone,Yes,4
Professional Drone,Yes,2
Gamer,Yes,2
Gamer,Yes,4
